{
  "swagger" : "2.0",
  "info" : {
    "description" : "Aplicativo de PetShop para cadastro de seres humanos",
    "version" : "1.0.0",
    "title" : "Dog uAU",
    "contact" : {
      "email" : "contato@doguau.com"
    },
    "license" : {
      "name" : "Apache 2.0",
      "url" : "http://www.apache.org/licenses/LICENSE-2.0.html"
    }
  },
  "host" : "virtserver.swaggerhub.com",
  "basePath" : "/UIT58/Dog-uAU/1.0.0",
  "tags" : [ {
    "name" : "Isadora, Luis e Samara",
    "description" : "Ligue pra mim"
  }, {
    "name" : "Isadora, Luis e Samara",
    "description" : "Isadora - Programadora, Luis - Banco de Dados e Samara - UI/UX"
  } ],
  "schemes" : [ "https" ],
  "paths" : {
    "/inventory" : {
      "get" : {
        "tags" : [ "developers" ],
        "description" : "Retorna o nome do ser humano para efetuar a exclusão",
        "operationId" : "retornaNome",
        "produces" : [ "application/json", "application/xml" ],
        "parameters" : [ {
          "name" : "pesquisaNome",
          "in" : "query",
          "description" : "obtem o nome no banco de dados",
          "required" : true,
          "type" : "string"
        } ],
        "responses" : {
          "200" : {
            "description" : "nome response",
            "schema" : {
              "type" : "array",
              "items" : {
                "$ref" : "#/definitions/DoguauItem"
              }
            }
          },
          "400" : {
            "description" : "parametro incorreto"
          }
        }
      },
      "post" : {
        "tags" : [ "admins" ],
        "description" : "Adiciona dados pessoais de um novo humano",
        "operationId" : "adicionaDados",
        "consumes" : [ "application/json" ],
        "produces" : [ "application/json" ],
        "parameters" : [ {
          "in" : "body",
          "name" : "nome",
          "description" : "Adicionando nome do humano",
          "required" : false,
          "schema" : {
            "$ref" : "#/definitions/DoguauItem"
          }
        } ],
        "responses" : {
          "201" : {
            "description" : "adicionado com sucesso"
          },
          "400" : {
            "description" : "entrada de dados invalidas"
          }
        }
      }
    }
  },
  "definitions" : {
    "DoguauItem" : {
      "type" : "object",
      "required" : [ "id", "manufacturer", "name", "releaseDate" ],
      "properties" : {
        "id" : {
          "type" : "string",
          "format" : "uuid",
          "example" : "d290f1ee-6c54-4b01-90e6-d701748f0851"
        },
        "name" : {
          "type" : "string",
          "example" : "Widget Adapter"
        },
        "releaseDate" : {
          "type" : "string",
          "format" : "date-time",
          "example" : "2016-08-29T09:12:33.001Z"
        },
        "manufacturer" : {
          "$ref" : "#/definitions/Manufacturer"
        }
      }
    },
    "Manufacturer" : {
      "required" : [ "name" ],
      "properties" : {
        "name" : {
          "type" : "string",
          "example" : "ACME Corporation"
        },
        "homePage" : {
          "type" : "string",
          "format" : "url",
          "example" : "https://www.acme-corp.com"
        },
        "phone" : {
          "type" : "string",
          "example" : "408-867-5309"
        }
      }
    }
  }
}